{
  "version": "3.0",
  "description": "V3 market data pack with covariance and correlation matrices",
  "asset_order": ["CASH", "BOND", "EQUITY", "COMMODITY"],
  "sigma_ann": [
    [0.000010, 0.000003, 0.000091, -0.000085],
    [0.000003, 0.000422, -0.000985, -0.000024],
    [0.000091, -0.000985, 0.068279, -0.000274],
    [-0.000085, -0.000024, -0.000274, 0.009452]
  ],
  "corr": [
    [1.0000, 0.0462, 0.1101, -0.2766],
    [0.0462, 1.0000, -0.1835, -0.0120],
    [0.1101, -0.1835, 1.0000, -0.0108],
    [-0.2766, -0.0120, -0.0108, 1.0000]
  ],
  "ann_vol_individual": {
    "CASH": 0.00316,
    "BOND": 0.02054,
    "EQUITY": 0.26130,
    "COMMODITY": 0.09722
  }
}
